wavenumber,spectra
3999.706,0.016559295
3997.7773,0.016687501
3995.8489,0.016696455
3993.9204,0.01653806
3991.992,0.016546525
3990.0635,0.016479515
3988.135,0.016377518
3986.2065,0.016376795
3984.278,0.016401226
3982.3494,0.016366543
3980.421,0.01640797
3978.4924,0.016657066
3976.564,0.016659854
3974.6355,0.016422903
3972.707,0.016346175
3970.7786,0.01649686
3968.85,0.016540399
3966.9214,0.01648385
3964.993,0.01653152
3963.0645,0.016571963
3961.136,0.016476348
3959.2075,0.016353434
3957.279,0.016386911
3955.3506,0.01644885
3953.4219,0.016627526
3951.4934,0.01668127
3949.565,0.01674449
3947.6365,0.016565183
3945.708,0.016646495
3943.7795,0.016942855
3941.851,0.016334409
3939.9226,0.016056307
3937.994,0.016204175
3936.0654,0.016378345
3934.137,0.016979307
3932.2085,0.016898
3930.28,0.01657644
3928.3516,0.016309224
3926.423,0.016709987
3924.4946,0.016517028
3922.566,0.016235989
3920.6375,0.016661713
3918.709,0.016808582
3916.7805,0.016552584
3914.852,0.015872126
3912.9236,0.016098151
3910.995,0.016018316
3909.0667,0.01606944
3907.138,0.017005323
3905.2095,0.018001933
3903.281,0.017557712
3901.3525,0.017472193
3899.424,0.016825287
3897.4956,0.015895704
3895.5671,0.016303308
3893.6384,0.017383482
3891.71,0.01713397
3889.7815,0.015702214
3887.853,0.016929489
3885.9246,0.017457154
3883.996,0.016375178
3882.0676,0.017692251
3880.1392,0.016847227
3878.2104,0.015561694
3876.282,0.016799076
3874.3535,0.017363308
3872.425,0.017320203
3870.4966,0.018272333
3868.568,0.016139038
3866.6396,0.017286895
3864.7112,0.017713167
3862.7825,0.01670372
3860.854,0.016141754
3858.9255,0.016767701
3856.997,0.01804407
3855.0686,0.019889398
3853.1401,0.01807063
3851.2117,0.015524536
3849.283,0.0158967
3847.3545,0.016185429
3845.426,0.016991643
3843.4976,0.017031545
3841.569,0.017498994
3839.6406,0.01877686
3837.7122,0.017870404
3835.7837,0.016896762
3833.855,0.016787779
3831.9265,0.016642537
3829.998,0.016063046
3828.0696,0.016878124
3826.141,0.016707232
3824.2126,0.017238935
3822.2842,0.019083574
3820.3557,0.017014626
3818.427,0.016944958
3816.4985,0.017559782
3814.57,0.01527108
3812.6416,0.015489477
3810.7131,0.015932927
3808.7847,0.017253933
3806.8562,0.016904237
3804.9275,0.016442897
3802.999,0.018634338
3801.0706,0.01728724
3799.142,0.016297288
3797.2136,0.016842647
3795.2852,0.015492121
3793.3567,0.015311064
3791.4282,0.01540354
3789.4995,0.015613795
3787.571,0.015834222
3785.6426,0.016196402
3783.714,0.015717776
3781.7856,0.016284319
3779.8572,0.016782649
3777.9287,0.015563514
3776.0002,0.015446661
3774.0715,0.015769312
3772.143,0.01667645
3770.2146,0.017150583
3768.2861,0.016071504
3766.3577,0.016519679
3764.4292,0.015847107
3762.5007,0.016230451
3760.5723,0.016985131
3758.6436,0.016669046
3756.715,0.01644214
3754.7866,0.017484369
3752.8582,0.019294234
3750.9297,0.019073708
3749.0012,0.017483195
3747.0728,0.018250665
3745.144,0.019056223
3743.2156,0.016126245
3741.287,0.01703058
3739.3586,0.018111669
3737.4302,0.019926237
3735.5017,0.020259004
3733.5732,0.01904982
3731.6448,0.017908521
3729.716,0.017367618
3727.7876,0.01842718
3725.8591,0.018362468
3723.9307,0.01815796
3722.0022,0.017784476
3720.0737,0.017338755
3718.1453,0.017015247
3716.2168,0.0168887
3714.288,0.018118197
3712.3596,0.019075438
3710.4312,0.018056262
3708.5027,0.017162614
3706.5742,0.017320445
3704.6458,0.018010464
3702.7173,0.018364334
3700.7886,0.01733496
3698.86,0.0172167
3696.9316,0.017691389
3695.0032,0.017779162
3693.0747,0.019182779
3691.1462,0.020831957
3689.2178,0.020047251
3687.2893,0.017485851
3685.3606,0.017779127
3683.4321,0.018130047
3681.5037,0.01884191
3679.5752,0.01977356
3677.6467,0.021372672
3675.7183,0.021902002
3673.7898,0.019187316
3671.8613,0.021072753
3669.9326,0.02118358
3668.0042,0.01938926
3666.0757,0.01967363
3664.1472,0.020233767
3662.2188,0.02051428
3660.2903,0.02090486
3658.3618,0.022023499
3656.433,0.02251876
3654.5046,0.021929916
3652.5762,0.024089888
3650.6477,0.026226232
3648.7192,0.025228815
3646.7908,0.023486739
3644.8623,0.023331827
3642.9338,0.024100114
3641.0051,0.024153216
3639.0767,0.024587056
3637.1482,0.024806015
3635.2197,0.025729258
3633.2913,0.026283078
3631.3628,0.027986739
3629.4343,0.029705055
3627.5059,0.027016021
3625.5771,0.027065918
3623.6487,0.027662266
3621.7202,0.028999265
3619.7917,0.029836917
3617.8633,0.028875837
3615.9348,0.029214755
3614.0063,0.029978016
3612.078,0.029241974
3610.1492,0.029932646
3608.2207,0.030322663
3606.2922,0.029745575
3604.3638,0.030104704
3602.4353,0.031085704
3600.5068,0.03151513
3598.5784,0.031656306
3596.6497,0.03211837
3594.7212,0.03231778
3592.7927,0.03194644
3590.8643,0.032646324
3588.9358,0.034021962
3587.0073,0.03329539
3585.0789,0.0325401
3583.1504,0.03306324
3581.2217,0.033468608
3579.2932,0.03376045
3577.3647,0.0341369
3575.4363,0.034436043
3573.5078,0.03459906
3571.5793,0.03509354
3569.651,0.036488388
3567.7224,0.03770942
3565.7937,0.036668655
3563.8652,0.03641466
3561.9368,0.0367985
3560.0083,0.036974456
3558.0798,0.037127815
3556.1514,0.03767068
3554.223,0.03849443
3552.2942,0.03878377
3550.3657,0.03859082
3548.4373,0.03946378
3546.5088,0.040181674
3544.5803,0.040077735
3542.6519,0.039931286
3540.7234,0.04040253
3538.795,0.04092624
3536.8662,0.04127481
3534.9377,0.04138909
3533.0093,0.042108644
3531.0808,0.042940352
3529.1523,0.043540746
3527.2239,0.043800298
3525.2954,0.04419366
3523.367,0.044523127
3521.4382,0.044446554
3519.5098,0.0448344
3517.5813,0.04523451
3515.6528,0.045596156
3513.7244,0.046133835
3511.796,0.04671295
3509.8674,0.047187883
3507.9387,0.047321912
3506.0103,0.04792633
3504.0818,0.0485875
3502.1533,0.048542555
3500.2249,0.048612848
3498.2964,0.049118027
3496.368,0.049605966
3494.4395,0.049886487
3492.5107,0.050271265
3490.5823,0.050790444
3488.6538,0.051233735
3486.7253,0.05136018
3484.7969,0.051933013
3482.8684,0.05262983
3480.94,0.05264838
3479.0115,0.052806817
3477.0828,0.05348791
3475.1543,0.053972907
3473.2258,0.054177467
3471.2974,0.05455912
3469.369,0.05486767
3467.4404,0.055251658
3465.512,0.055732377
3463.5833,0.05619877
3461.6548,0.056504074
3459.7263,0.056929737
3457.7979,0.05746625
3455.8694,0.057778012
3453.941,0.057956427
3452.0125,0.058416497
3450.084,0.058941375
3448.1553,0.059539087
3446.2268,0.059644252
3444.2983,0.05990399
3442.3699,0.060285226
3440.4414,0.060531747
3438.513,0.060837943
3436.5845,0.06117655
3434.656,0.061546724
3432.7273,0.061904185
3430.7988,0.062223777
3428.8704,0.0625394
3426.942,0.063024305
3425.0134,0.06355498
3423.085,0.06404183
3421.1565,0.06433848
3419.228,0.06449928
3417.2993,0.064651646
3415.3708,0.064859495
3413.4424,0.06504038
3411.514,0.06521765
3409.5854,0.065384515
3407.657,0.06559846
3405.7285,0.06582727
3403.7998,0.06606245
3401.8713,0.06623875
3399.9429,0.06646018
3398.0144,0.06668257
3396.086,0.06671085
3394.1575,0.06688096
3392.229,0.06705245
3390.3005,0.06726825
3388.3718,0.067538515
3386.4434,0.067667276
3384.515,0.06769214
3382.5864,0.067803405
3380.658,0.06785132
3378.7295,0.06783772
3376.801,0.06796638
3374.8726,0.06802726
3372.9438,0.06784551
3371.0154,0.067647494
3369.087,0.06757339
3367.1584,0.06767851
3365.23,0.06773168
3363.3015,0.067718856
3361.373,0.06761311
3359.4443,0.06747763
3357.5159,0.06758531
3355.5874,0.06757753
3353.659,0.06737345
3351.7305,0.067203924
3349.802,0.06707159
3347.8735,0.06701741
3345.945,0.066929504
3344.0164,0.066858426
3342.088,0.066795744
3340.1594,0.06660153
3338.231,0.06651316
3336.3025,0.066376515
3334.374,0.066155285
3332.4456,0.06608687
3330.517,0.06599984
3328.5884,0.06587983
3326.66,0.065634646
3324.7314,0.065516576
3322.803,0.06548602
3320.8745,0.06531696
3318.946,0.065183654
3317.0176,0.06504223
3315.0889,0.06499212
3313.1604,0.06484614
3311.232,0.064437285
3309.3035,0.0641958
3307.375,0.06402739
3305.4465,0.063958205
3303.518,0.06388089
3301.5896,0.06380348
3299.661,0.0637166
3297.7324,0.0636043
3295.804,0.06336704
3293.8755,0.063154005
3291.947,0.06290078
3290.0186,0.062874235
3288.09,0.062732875
3286.1616,0.06255891
3284.233,0.062417958
3282.3044,0.062280487
3280.376,0.062187184
3278.4475,0.06208553
3276.519,0.06186995
3274.5906,0.061620604
3272.662,0.061291
3270.7336,0.061060295
3268.805,0.061004583
3266.8765,0.060898818
3264.948,0.060772654
3263.0195,0.060534526
3261.091,0.060241602
3259.1626,0.060085528
3257.2341,0.05980762
3255.3054,0.05944375
3253.377,0.059147835
3251.4485,0.059028365
3249.52,0.05875948
3247.5916,0.058419872
3245.663,0.058251757
3243.7346,0.057978127
3241.8062,0.057711363
3239.8774,0.057497263
3237.949,0.057256956
3236.0205,0.056923885
3234.092,0.056526225
3232.1636,0.056173198
3230.235,0.05580618
3228.3066,0.055470567
3226.3782,0.05512814
3224.4495,0.05481034
3222.521,0.05451475
3220.5925,0.054126497
3218.664,0.053622887
3216.7356,0.053264383
3214.8071,0.052932337
3212.8787,0.05250036
3210.95,0.052146256
3209.0215,0.05169789
3207.093,0.051177103
3205.1646,0.05073499
3203.236,0.05040863
3201.3076,0.05007571
3199.3792,0.049711872
3197.4507,0.049287394
3195.522,0.048759773
3193.5935,0.048324
3191.665,0.047872163
3189.7366,0.04732487
3187.808,0.046890493
3185.8796,0.04654296
3183.9512,0.04613181
3182.0227,0.04565203
3180.094,0.04525348
3178.1655,0.044745103
3176.237,0.04413332
3174.3086,0.04377622
3172.3801,0.043326963
3170.4517,0.042814504
3168.5232,0.04231938
3166.5945,0.04178381
3164.666,0.041412964
3162.7375,0.04101796
3160.809,0.040463917
3158.8806,0.040110696
3156.9521,0.039599545
3155.0237,0.039058328
3153.0952,0.0386048
3151.1665,0.03827979
3149.238,0.037902158
3147.3096,0.037459984
3145.381,0.037055567
3143.4526,0.036623985
3141.5242,0.035996135
3139.5957,0.035544172
3137.6672,0.035248213
3135.7385,0.034977596
3133.81,0.03453566
3131.8816,0.034058083
3129.9531,0.033776067
3128.0247,0.03345565
3126.0962,0.033059057
3124.1677,0.032783654
3122.2393,0.03227338
3120.3105,0.03173843
3118.382,0.031357326
3116.4536,0.031004453
3114.5251,0.030724375
3112.5967,0.03041132
3110.6682,0.030003613
3108.7397,0.029645951
3106.811,0.029351609
3104.8826,0.029036177
3102.954,0.028819464
3101.0256,0.028537925
3099.0972,0.028168846
3097.1687,0.027973982
3095.2402,0.027565306
3093.3118,0.027067434
3091.383,0.02667536
3089.4546,0.02636954
3087.5261,0.026191177
3085.5977,0.02592667
3083.6692,0.025635365
3081.7407,0.025388902
3079.8123,0.02501919
3077.8838,0.0248271
3075.955,0.024669463
3074.0266,0.024343008
3072.0981,0.0240002
3070.1697,0.02384969
3068.2412,0.023681806
3066.3127,0.023487683
3064.3843,0.023123778
3062.4556,0.022736259
3060.527,0.022523018
3058.5986,0.022316122
3056.6702,0.021998122
3054.7417,0.021709405
3052.8132,0.021516059
3050.8848,0.021297393
3048.9563,0.021150323
3047.0276,0.020910075
3045.099,0.020625971
3043.1707,0.020357193
3041.2422,0.020161219
3039.3137,0.020056829
3037.3853,0.019957285
3035.4568,0.019744223
3033.5283,0.019456757
3031.5996,0.01927702
3029.6711,0.019080251
3027.7427,0.019034138
3025.8142,0.018931229
3023.8857,0.018729221
3021.9573,0.018546566
3020.0288,0.018423134
3018.1,0.018230105
3016.1716,0.018096918
3014.2432,0.018005213
3012.3147,0.0179079
3010.3862,0.017726593
3008.4578,0.017524868
3006.5293,0.017375136
3004.6008,0.017249072
3002.672,0.017006012
3000.7437,0.016859833
2998.8152,0.016770663
2996.8867,0.016650764
2994.9583,0.016496137
2993.0298,0.016374525
2991.1013,0.01631865
2989.1729,0.01623052
2987.2441,0.016035471
2985.3157,0.01595324
2983.3872,0.015861988
2981.4587,0.015802436
2979.5303,0.015803054
2977.6018,0.015837176
2975.6733,0.015705992
2973.7449,0.015631279
2971.8162,0.015666762
2969.8877,0.015633168
2967.9592,0.015574847
2966.0308,0.015544798
2964.1023,0.015503727
2962.1738,0.015470627
2960.2454,0.015491434
2958.3167,0.015496826
2956.3882,0.015442541
2954.4597,0.015391525
2952.5312,0.015324587
2950.6028,0.015315457
2948.6743,0.015212225
2946.7458,0.015046377
2944.8174,0.015034371
2942.8887,0.015107268
2940.9602,0.015162162
2939.0317,0.015150599
2937.1033,0.015191534
2935.1748,0.015412191
2933.2463,0.01566817
2931.3179,0.015784258
2929.3894,0.015920175
2927.4607,0.016278677
2925.5322,0.016868204
2923.6038,0.017597977
2921.6753,0.018507736
2919.7468,0.01970317
2917.8184,0.020569306
2915.89,0.020283688
2913.9612,0.018702272
2912.0327,0.01700291
2910.1042,0.015864395
2908.1758,0.015309073
2906.2473,0.014959121
2904.3188,0.014645433
2902.3904,0.014442873
2900.462,0.014318753
2898.5332,0.014164166
2896.6047,0.013903188
2894.6763,0.013685756
2892.7478,0.013564245
2890.8193,0.013522062
2888.8909,0.013375789
2886.9624,0.013243432
2885.034,0.0130770365
2883.1052,0.012932961
2881.1768,0.012813059
2879.2483,0.01270636
2877.3198,0.012695408
2875.3914,0.0125115225
2873.463,0.012362179
2871.5344,0.012374009
2869.6057,0.01242099
2867.6772,0.01239334
2865.7488,0.012305661
2863.8203,0.012301502
2861.8918,0.012403977
2859.9634,0.012511659
2858.035,0.012766684
2856.1064,0.013153328
2854.1777,0.013768071
2852.2493,0.014994412
2850.3208,0.016438251
2848.3923,0.01658019
2846.4639,0.015052723
2844.5354,0.013292318
2842.607,0.012314421
2840.6785,0.011763481
2838.7498,0.011479002
2836.8213,0.011365488
2834.8928,0.011263122
2832.9644,0.011106525
2831.036,0.011008502
2829.1074,0.010874725
2827.179,0.010770539
2825.2505,0.010708556
2823.3218,0.010733687
2821.3933,0.010715823
2819.4648,0.010668212
2817.5364,0.010632251
2815.608,0.010610045
2813.6794,0.01056
2811.751,0.010441024
2809.8223,0.010339384
2807.8938,0.01039765
2805.9653,0.010348377
2804.0369,0.0103157
2802.1084,0.010392763
2800.18,0.010396496
2798.2515,0.010250321
2796.323,0.010194789
2794.3943,0.010207
2792.4658,0.010150388
2790.5374,0.010035695
2788.609,0.010025759
2786.6804,0.010079269
2784.752,0.010115048
2782.8235,0.010066586
2780.895,0.00999365
2778.9663,0.00999148
2777.0378,0.009978528
2775.1094,0.009920827
2773.181,0.009893234
2771.2524,0.009834053
2769.324,0.009792095
2767.3955,0.0097574955
2765.4668,0.009809752
2763.5383,0.009799314
2761.6099,0.0097537
2759.6814,0.009771796
2757.753,0.009786131
2755.8245,0.009799212
2753.896,0.009789926
2751.9675,0.009709412
2750.0388,0.009643244
2748.1104,0.009526008
2746.182,0.009439617
2744.2534,0.009473345
2742.325,0.009536372
2740.3965,0.009560048
2738.468,0.009527363
2736.5396,0.00944683
2734.6108,0.009465218
2732.6824,0.009461797
2730.754,0.009457293
2728.8254,0.009412122
2726.897,0.009366447
2724.9685,0.009341766
2723.04,0.009360793
2721.1113,0.009335266
2719.1829,0.009298028
2717.2544,0.009263976
2715.326,0.0092508765
2713.3975,0.009233513
2711.469,0.009205354
2709.5405,0.009165861
2707.612,0.009170124
2705.6833,0.009200718
2703.755,0.009171106
2701.8264,0.009100756
2699.898,0.009081436
2697.9695,0.009134389
2696.041,0.009154457
2694.1123,0.009028116
2692.1838,0.009009375
2690.2554,0.008999903
2688.327,0.008982685
2686.3984,0.008955016
2684.47,0.008889401
2682.5415,0.008858966
2680.613,0.008874995
2678.6843,0.008851661
2676.7559,0.008814431
2674.8274,0.008842159
2672.899,0.008930967
2670.9705,0.008976698
2669.042,0.008913245
2667.1135,0.0088496655
2665.1848,0.008792825
2663.2563,0.008840333
2661.328,0.008860115
2659.3994,0.008771828
2657.471,0.008739642
2655.5425,0.008736058
2653.614,0.00873572
2651.6855,0.008728689
2649.7568,0.008663582
2647.8284,0.008638738
2645.9,0.008682444
2643.9714,0.008682173
2642.043,0.008721792
2640.1145,0.008657329
2638.186,0.008573611
2636.2576,0.008543772
2634.3289,0.0085164
2632.4004,0.008495383
2630.472,0.008503323
2628.5435,0.008476767
2626.615,0.008502715
2624.6865,0.008529748
2622.758,0.008505824
2620.8293,0.008409873
2618.901,0.008431359
2616.9724,0.008498087
2615.044,0.008397711
2613.1155,0.00833593
2611.187,0.008346706
2609.2585,0.008297698
2607.33,0.0083116125
2605.4014,0.008317759
2603.473,0.008284324
2601.5444,0.008284121
2599.616,0.008256024
2597.6875,0.008208546
2595.759,0.00823171
2593.8306,0.008306986
2591.902,0.008273415
2589.9734,0.008151957
2588.045,0.008126704
2586.1165,0.008167893
2584.188,0.008200881
2582.2595,0.008182446
2580.331,0.008164652
2578.4026,0.008140815
2576.474,0.008142976
2574.5454,0.008084371
2572.617,0.008060607
2570.6885,0.008078598
2568.76,0.008100743
2566.8315,0.008142841
2564.903,0.008139128
2562.9746,0.00803455
2561.046,0.007952302
2559.1174,0.007972853
2557.189,0.008063949
2555.2605,0.00808427
2553.332,0.008058176
2551.4036,0.008010551
2549.475,0.008013994
2547.5466,0.008024592
2545.618,0.008042582
2543.6895,0.008079949
2541.761,0.007996073
2539.8325,0.007937082
2537.904,0.007981695
2535.9756,0.00805946
2534.047,0.008061519
2532.1187,0.007975655
2530.19,0.008025706
2528.2615,0.008072894
2526.333,0.008061991
2524.4045,0.007972516
2522.476,0.00789443
2520.5476,0.0078749955
2518.6191,0.007885523
2516.6904,0.007920581
2514.762,0.007904789
2512.8335,0.007843685
2510.905,0.007844731
2508.9766,0.00787864
2507.048,0.007914203
2505.1196,0.007872398
2503.1912,0.007839233
2501.2625,0.007835285
2499.334,0.007834037
2497.4055,0.007743968
2495.477,0.0076931394
2493.5486,0.007694927
2491.62,0.0077205934
2489.6917,0.0077908216
2487.7632,0.0077846823
2485.8345,0.0077463966
2483.906,0.0077682543
2481.9775,0.0077064955
2480.049,0.0076789074
2478.1206,0.007765252
2476.1921,0.0077174907
2474.2637,0.0076561435
2472.335,0.00771658
2470.4065,0.0076866304
2468.478,0.0076892274
2466.5496,0.0077155344
2464.621,0.007695298
2462.6926,0.0076798177
2460.7642,0.007664507
2458.8357,0.0076477462
2456.907,0.0076917903
2454.9785,0.0076849107
2453.05,0.0076894634
2451.1216,0.0076631242
2449.193,0.0076136203
2447.2646,0.007659752
2445.3362,0.007670004
2443.4077,0.0076434975
2441.479,0.007661067
2439.5505,0.007659887
2437.622,0.0076764454
2435.6936,0.0076524676
2433.7651,0.0076232646
2431.8367,0.0076271086
2429.9082,0.0076290644
2427.9797,0.0076086973
2426.051,0.0075864093
2424.1226,0.0076171947
2422.194,0.007691487
2420.2656,0.0076948595
2418.3372,0.007604651
2416.4087,0.007581453
2414.4802,0.0076257936
2412.5515,0.007693578
2410.623,0.007702684
2408.6946,0.0076504108
2406.766,0.0076529062
2404.8376,0.007636146
2402.9092,0.007613182
2400.9807,0.0075911633
2399.0522,0.007609338
2397.1235,0.0076231295
2395.195,0.007661809
2393.2666,0.00763247
2391.3381,0.0075641223
2389.4097,0.007631897
2387.4812,0.007870171
2385.5527,0.008350252
2383.6243,0.009212732
2381.6956,0.010371961
2379.767,0.0118662715
2377.8386,0.013492086
2375.9102,0.015468841
2373.9817,0.017620508
2372.0532,0.019884542
2370.1248,0.022520505
2368.196,0.025279736
2366.2676,0.027510516
2364.339,0.02942858
2362.4106,0.030395756
2360.4822,0.031253092
2358.5537,0.030972926
2356.6252,0.029284187
2354.6968,0.02598865
2352.768,0.02263055
2350.8396,0.019345608
2348.9111,0.018305268
2346.9827,0.020270912
2345.0542,0.023327911
2343.1257,0.024774058
2341.1973,0.024987355
2339.2688,0.02446477
2337.34,0.024067612
2335.4116,0.02322716
2333.4832,0.022697855
2331.5547,0.022363808
2329.6262,0.0220525
2327.6978,0.021295933
2325.7693,0.020348893
2323.8406,0.019325966
2321.912,0.018164456
2319.9836,0.016988575
2318.0552,0.015776562
2316.1267,0.014645159
2314.1982,0.013997178
2312.2698,0.013662778
2310.3413,0.013192127
2308.4126,0.012501974
2306.4841,0.011741217
2304.5557,0.011081643
2302.6272,0.010683493
2300.6987,0.010300194
2298.7703,0.009952694
2296.8418,0.009736587
2294.9133,0.009469179
2292.9846,0.0091068465
2291.0562,0.00886972
2289.1277,0.008612138
2287.1992,0.008330932
2285.2708,0.008114517
2283.3423,0.007975756
2281.4138,0.008061417
2279.4854,0.008171978
2277.5566,0.008213138
2275.6282,0.008297596
2273.6997,0.0083387345
2271.7712,0.00839555
2269.8428,0.008402171
2267.9143,0.008373965
2265.9858,0.008341098
2264.0571,0.008301886
2262.1287,0.008254605
2260.2002,0.008188624
2258.2717,0.0081152255
2256.3433,0.008083865
2254.4148,0.008105335
2252.4863,0.008120965
2250.5579,0.008087173
2248.6292,0.008015513
2246.7007,0.007999853
2244.7722,0.00806648
2242.8438,0.008038802
2240.9153,0.007980076
2238.9868,0.00799047
2237.0583,0.008009809
2235.13,0.007979671
2233.2012,0.008002992
2231.2727,0.008036844
2229.3442,0.0080401525
2227.4158,0.00807259
2225.4873,0.008050953
2223.5588,0.008056759
2221.6304,0.008095072
2219.7017,0.00806989
2217.7732,0.00811769
2215.8447,0.008144968
2213.9163,0.008109622
2211.9878,0.00807151
2210.0593,0.00811374
2208.1309,0.008186868
2206.2024,0.008143483
2204.2737,0.00808032
2202.3452,0.008158878
2200.4167,0.008190076
2198.4883,0.008093688
2196.5598,0.008109925
2194.6313,0.008196964
2192.703,0.0082037505
2190.7744,0.008192541
2188.8457,0.008192811
2186.9172,0.008195917
2184.9888,0.008186295
2183.0603,0.008199159
2181.1318,0.008230393
2179.2034,0.008217224
2177.275,0.008172147
2175.3462,0.008182141
2173.4177,0.008246231
2171.4893,0.008289964
2169.5608,0.008268046
2167.6323,0.008223167
2165.7039,0.008223065
2163.7754,0.008281791
2161.847,0.008333532
2159.9182,0.008339545
2157.9897,0.008308641
2156.0613,0.00826781
2154.1328,0.008275948
2152.2043,0.008290842
2150.276,0.0082989475
2148.3474,0.008350184
2146.419,0.008425346
2144.4902,0.008454974
2142.5618,0.008401056
2140.6333,0.008337653
2138.7048,0.008370452
2136.7764,0.008375687
2134.848,0.008353292
2132.9194,0.008354778
2130.991,0.008353867
2129.0623,0.00835873
2127.1338,0.00835569
2125.2053,0.00833485
2123.2769,0.0083296485
2121.3484,0.008316307
2119.42,0.008249743
2117.4915,0.008274226
2115.5627,0.008283749
2113.6343,0.008214252
2111.7058,0.008181264
2109.7773,0.008206992
2107.8489,0.008243563
2105.9204,0.008247345
2103.992,0.008221546
2102.0635,0.0081989225
2100.1348,0.008193385
2098.2063,0.008186092
2096.2778,0.008132578
2094.3494,0.008112998
2092.421,0.008108879
2090.4924,0.008162423
2088.564,0.00817863
2086.6355,0.008216684
2084.7068,0.008178326
2082.7783,0.008156751
2080.8499,0.008129236
2078.9214,0.008092912
2076.993,0.008032355
2075.0645,0.008013691
2073.136,0.008024525
2071.2073,0.007994824
2069.2788,0.007931987
2067.3503,0.007982067
2065.4219,0.008035292
2063.4934,0.007970323
2061.565,0.007926892
2059.6365,0.007839805
2057.708,0.007818181
2055.7793,0.007874287
2053.8508,0.007859982
2051.9224,0.007767546
2049.994,0.0076717916
2048.0654,0.0076756696
2046.137,0.0076926337
2044.2085,0.0076754335
2042.28,0.0077024144
2040.3513,0.0076804925
2038.4229,0.0075868475
2036.4944,0.0075335763
2034.5659,0.0074516595
2032.6375,0.0074104373
2030.709,0.0073790937
2028.7805,0.0073698256
2026.8518,0.0073667252
2024.9233,0.0073616365
2022.9949,0.0073375413
2021.0664,0.0073203887
2019.138,0.007438851
2017.2095,0.0074518616
2015.281,0.007227327
2013.3525,0.0071333083
2011.4238,0.0071071037
2009.4954,0.007045506
2007.5669,0.0070219
2005.6384,0.0070112925
2003.71,0.0069711898
2001.7815,0.0069166473
1999.853,0.0068870224
1997.9246,0.0068720086
1995.9958,0.0068364623
1994.0674,0.007000349
1992.1389,0.0070538577
1990.2104,0.0068164016
1988.282,0.0067556193
1986.3535,0.006699556
1984.425,0.006643904
1982.4963,0.006647134
1980.5679,0.0066241887
1978.6394,0.006543486
1976.7109,0.006513987
1974.7825,0.006499356
1972.854,0.0064229136
1970.9255,0.00638959
1968.9971,0.006605584
1967.0684,0.0067279907
1965.1399,0.0064884927
1963.2114,0.006388783
1961.283,0.0063748625
1959.3545,0.006369718
1957.426,0.0063194535
1955.4976,0.00628681
1953.5691,0.0061735353
1951.6404,0.006124436
1949.7119,0.0061745434
1947.7834,0.006281667
1945.855,0.0063692136
1943.9265,0.0066149705
1941.998,0.006489569
1940.0696,0.0060944282
1938.1411,0.0059863767
1936.2124,0.0059281285
1934.2839,0.0059394147
1932.3555,0.00594489
1930.427,0.0058749933
1928.4985,0.005830126
1926.5701,0.005881509
1924.6416,0.0061578066
1922.7129,0.006262472
1920.7844,0.0059575206
1918.856,0.006126217
1916.9275,0.0058118575
1914.999,0.005561554
1913.0706,0.0055218865
1911.1421,0.0056670494
1909.2136,0.0057144184
1907.2849,0.00554125
1905.3564,0.005416091
1903.428,0.0053699627
1901.4995,0.0053978404
1899.571,0.00541022
1897.6426,0.00550692
1895.7141,0.005633616
1893.7856,0.005359597
1891.8569,0.00545189
1889.9285,0.0056605707
1888.0,0.005231975
1886.0715,0.0051919688
1884.1431,0.00518372
1882.2146,0.0049978923
1880.2861,0.0049261707
1878.3574,0.0049277125
1876.429,0.004955696
1874.5005,0.0049188654
1872.572,0.005078912
1870.6436,0.0058021196
1868.7151,0.0061501106
1866.7866,0.005338397
1864.8582,0.0047927466
1862.9294,0.00465233
1861.001,0.004701698
1859.0725,0.0046427515
1857.144,0.00455361
1855.2156,0.0044796183
1853.2871,0.0044871843
1851.3586,0.004479551
1849.4302,0.0047132876
1847.5015,0.0049881055
1845.573,0.005512155
1843.6445,0.005154012
1841.7161,0.0043651736
1839.7876,0.004347168
1837.8591,0.004507004
1835.9307,0.004362094
1834.002,0.0042479485
1832.0735,0.0047767665
1830.145,0.0052863397
1828.2166,0.0046008574
1826.2881,0.0046634492
1824.3596,0.004492541
1822.4312,0.004076735
1820.5027,0.0039815903
1818.574,0.0039874758
1816.6455,0.0039953007
1814.717,0.0039417995
1812.7886,0.004284756
1810.8601,0.0044540423
1808.9316,0.004095566
1807.0032,0.0038767376
1805.0747,0.003915553
1803.146,0.0041893977
1801.2175,0.004489126
1799.2891,0.0042487513
1797.3606,0.0041447375
1795.4321,0.004463817
1793.5037,0.0051142476
1791.5752,0.0049232887
1789.6467,0.0038693158
1787.718,0.0037300666
1785.7896,0.0039510946
1783.8611,0.0038829225
1781.9326,0.0041633705
1780.0042,0.0041568135
1778.0757,0.0039084316
1776.1472,0.004382176
1774.2185,0.005338531
1772.29,0.0058619627
1770.3616,0.004646871
1768.4331,0.0043251133
1766.5046,0.0038425054
1764.5762,0.004152331
1762.6477,0.0048916885
1760.7192,0.0045627845
1758.7905,0.0046782526
1756.862,0.0050828676
1754.9336,0.004714795
1753.0051,0.0055194707
1751.0767,0.0065414677
1749.1482,0.007089388
1747.2197,0.006851374
1745.2913,0.006650532
1743.3625,0.00668391
1741.4341,0.006717357
1739.5056,0.006720621
1737.5771,0.0064694905
1735.6487,0.007765893
1733.7202,0.007883667
1731.7917,0.006747778
1729.863,0.006537398
1727.9346,0.006023869
1726.0061,0.0061201346
1724.0776,0.00649004
1722.1492,0.0066529545
1720.2207,0.0075113596
1718.2922,0.009143662
1716.3638,0.008986508
1714.435,0.00820294
1712.5066,0.007615273
1710.5781,0.007984665
1708.6497,0.008466529
1706.7212,0.009536643
1704.7927,0.009698502
1702.8643,0.01020717
1700.9358,0.01183658
1699.0071,0.01182977
1697.0786,0.012527415
1695.1501,0.011599387
1693.2217,0.011171897
1691.2932,0.012081056
1689.3647,0.0129769975
1687.4363,0.013817255
1685.5076,0.015839858
1683.5791,0.016233409
1681.6506,0.01530667
1679.7222,0.015596485
1677.7937,0.016233135
1675.8652,0.017430732
1673.9368,0.01762696
1672.0082,0.018822428
1670.0797,0.020146642
1668.1511,0.01958922
1666.2227,0.019391581
1664.2942,0.020614471
1662.3657,0.021332195
1660.4373,0.021181876
1658.5088,0.021680705
1656.5802,0.023035828
1654.6517,0.025464822
1652.7231,0.02521705
1650.7947,0.024130411
1648.8662,0.025696354
1646.9377,0.026686883
1645.0093,0.024596663
1643.0808,0.02412915
1641.1522,0.024346408
1639.2238,0.024899658
1637.2952,0.02634405
1635.3667,0.02550168
1633.4382,0.02327526
1631.5098,0.0228194
1629.5813,0.022813672
1627.6527,0.022325575
1625.7242,0.021649428
1623.7957,0.021479258
1621.8672,0.019783998
1619.9387,0.019222606
1618.0103,0.019678034
1616.0818,0.018322686
1614.1533,0.016552791
1612.2247,0.015967783
1610.2963,0.0153987
1608.3677,0.014662705
1606.4392,0.013740506
1604.5107,0.013243501
1602.5823,0.012686845
1600.6538,0.0119374115
1598.7253,0.011315492
1596.7968,0.011049625
1594.8683,0.010487626
1592.9397,0.009803855
1591.0112,0.0092939325
1589.0828,0.008846115
1587.1543,0.008296989
1585.2258,0.007888424
1583.2972,0.0074972343
1581.3688,0.0072016222
1579.4402,0.007404573
1577.5117,0.008529106
1575.5833,0.0076554352
1573.6548,0.0063662548
1571.7263,0.006748384
1569.7979,0.0071069356
1567.8693,0.005818876
1565.9408,0.005822469
1564.0122,0.0058243833
1562.0837,0.0065250196
1560.1553,0.009261268
1558.2268,0.008258016
1556.2983,0.006177501
1554.3699,0.0056569115
1552.4413,0.004927746
1550.5128,0.0052404935
1548.5842,0.0046519283
1546.6558,0.004947921
1544.7273,0.0063508893
1542.7988,0.0077093286
1540.8704,0.009186335
1538.9419,0.0057677017
1537.0133,0.0039171576
1535.0847,0.004602063
1533.1562,0.0044774087
1531.2278,0.003332519
1529.2993,0.0036766315
1527.3708,0.0043090167
1525.4424,0.004262905
1523.5138,0.004824206
1521.5853,0.0055006784
1519.6567,0.004046601
1517.7283,0.0043339483
1515.7998,0.003369282
1513.8713,0.002672481
1511.9429,0.0030519061
1510.0144,0.004101687
1508.0858,0.00634635
1506.1573,0.004347101
1504.2288,0.001803481
1502.3003,0.0016670877
1500.3718,0.0021669292
1498.4434,0.0028467097
1496.5149,0.0024673638
1494.5864,0.0012951508
1492.6578,0.0016206239
1490.7294,0.0028240976
1488.8008,0.0026860498
1486.8723,0.0016614664
1484.9438,0.00094093184
1483.0154,0.0009270188
1481.0869,0.0009547789
1479.1583,0.00087887445
1477.2299,0.0015826117
1475.3013,0.002664613
1473.3728,0.0039866064
1471.4443,0.0027539346
1469.5159,0.0015941514
1467.5874,0.0019308646
1465.6589,0.0028847994
1463.7303,0.0026874836
1461.8019,0.0024974886
1459.8733,0.0037735812
1457.9448,0.005839025
1456.0164,0.0040988107
1454.0879,0.00263741
1452.1594,0.0023862969
1450.231,0.0026081088
1448.3024,0.0030677225
1446.3739,0.00280102
1444.4453,0.0026473443
1442.5168,0.0027396965
1440.5884,0.0028406065
1438.6599,0.0035776987
1436.7314,0.0041753133
1434.8029,0.0033635388
1432.8744,0.003373857
1430.9458,0.0036437516
1429.0173,0.003568044
1427.0889,0.003432932
1425.1604,0.0039839977
1423.2319,0.0041197496
1421.3035,0.0044126683
1419.3749,0.005022361
1417.4464,0.004142128
1415.5178,0.0036662726
1413.5894,0.0036636663
1411.6609,0.0038126549
1409.7324,0.00370674
1407.804,0.0037895578
1405.8755,0.0040016877
1403.9469,0.0036972496
1402.0184,0.0035099857
1400.0898,0.004103627
1398.1614,0.0042395834
1396.2329,0.004389473
1394.3044,0.004232457
1392.376,0.0036190266
1390.4475,0.003660659
1388.5189,0.004123998
1386.5903,0.003981055
1384.6619,0.0034277888
1382.7334,0.003490746
1380.8049,0.0037764222
1378.8765,0.0039804867
1376.948,0.0041661137
1375.0194,0.0046500526
1373.091,0.004444669
1371.1624,0.0042257984
1369.2339,0.0043613915
1367.3054,0.0042596594
1365.377,0.004458796
1363.4485,0.0050332216
1361.52,0.0046122433
1359.5914,0.00426334
1357.663,0.0043310034
1355.7344,0.004373474
1353.8059,0.00444959
1351.8774,0.00453871
1349.949,0.004660837
1348.0205,0.0046685734
1346.092,0.004607689
1344.1635,0.0046951
1342.235,0.005054977
1340.3064,0.00569592
1338.3779,0.0055534323
1336.4495,0.0050347634
1334.521,0.0049388385
1332.5925,0.005038484
1330.664,0.005026819
1328.7355,0.005065402
1326.8069,0.00511351
1324.8784,0.005267927
1322.95,0.0055131954
1321.0215,0.005803765
1319.093,0.006013051
1317.1646,0.0058294204
1315.236,0.0058673695
1313.3075,0.006073091
1311.3789,0.0059670606
1309.4504,0.0059555047
1307.522,0.0060316636
1305.5935,0.006047992
1303.665,0.0060679503
1301.7366,0.0061953138
1299.808,0.0063139736
1297.8795,0.006414406
1295.9509,0.0064491443
1294.0225,0.0065061506
1292.094,0.0065893694
1290.1655,0.00673711
1288.237,0.0068530235
1286.3085,0.00696587
1284.38,0.0070782066
1282.4514,0.0071289293
1280.523,0.007181848
1278.5945,0.0072320774
1276.666,0.0073016537
1274.7375,0.007289321
1272.8091,0.0072897254
1270.8805,0.007383542
1268.952,0.0073122005
1267.0234,0.007420077
1265.095,0.007464233
1263.1665,0.007294948
1261.238,0.007282784
1259.3096,0.007278842
1257.3811,0.0073272293
1255.4525,0.007379734
1253.524,0.007229045
1251.5955,0.0071267737
1249.667,0.0072272257
1247.7385,0.0072402307
1245.81,0.0070392424
1243.8816,0.0068819057
1241.953,0.0068226284
1240.0245,0.006867195
1238.096,0.006836698
1236.1675,0.00669922
1234.239,0.0064699952
1232.3105,0.006386597
1230.3821,0.006357513
1228.4536,0.0061596213
1226.525,0.00586297
1224.5966,0.0056497618
1222.668,0.005489538
1220.7395,0.005381469
1218.811,0.005109453
1216.8826,0.00495392
1214.9541,0.004898189
1213.0256,0.0047311746
1211.097,0.004588568
1209.1686,0.0044685374
1207.24,0.0043764194
1205.3115,0.004299546
1203.383,0.004113227
1201.4546,0.0040848292
1199.5261,0.0041610287
1197.5977,0.0042485506
1195.6691,0.0042535695
1193.7406,0.0041821045
1191.812,0.0040008184
1189.8835,0.0038734947
1187.9551,0.0040081083
1186.0266,0.004033324
1184.0981,0.004118512
1182.1696,0.004195955
1180.2411,0.0042080996
1178.3125,0.004584717
1176.384,0.005001479
1174.4556,0.0054520243
1172.5271,0.0056903134
1170.5986,0.0060356283
1168.6702,0.006571607
1166.7416,0.0071765254
1164.8131,0.0077220774
1162.8845,0.00803752
1160.956,0.008406968
1159.0276,0.00898715
1157.0991,0.0094182845
1155.1707,0.009711039
1153.2421,0.010026404
1151.3136,0.010346205
1149.3851,0.010698163
1147.4565,0.011031885
1145.5281,0.011116893
1143.5996,0.011316342
1141.6711,0.011542356
1139.7427,0.011639001
1137.8141,0.011553312
1135.8856,0.011551237
1133.9572,0.011886873
1132.0286,0.012127017
1130.1001,0.01215799
1128.1716,0.012294174
1126.2432,0.012527312
1124.3147,0.012856231
1122.3861,0.013176552
1120.4576,0.013656692
1118.529,0.014140957
1116.6006,0.014785588
1114.6721,0.01521799
1112.7437,0.015728494
1110.8152,0.016465094
1108.8866,0.017210115
1106.9581,0.017541807
1105.0297,0.017586349
1103.1011,0.01749696
1101.1726,0.017531699
1099.2441,0.017438803
1097.3157,0.017171541
1095.3872,0.016765153
1093.4586,0.016404495
1091.5302,0.016200839
1089.6017,0.0160801
1087.6731,0.015518287
1085.7446,0.015347791
1083.8162,0.015163397
1081.8877,0.0152546745
1079.9592,0.015578969
1078.0306,0.0155318165
1076.1022,0.015605346
1074.1737,0.015725128
1072.2451,0.015490095
1070.3167,0.015532195
1068.3882,0.015676415
1066.4597,0.015314977
1064.5311,0.015198774
1062.6027,0.015248258
1060.6742,0.01492805
1058.7456,0.0146511905
1056.8171,0.014698007
1054.8887,0.014748051
1052.9602,0.014764094
1051.0317,0.014717202
1049.1031,0.01473619
1047.1747,0.01494698
1045.2462,0.0149669405
1043.3176,0.014787987
1041.3892,0.014589439
1039.4607,0.0145350965
1037.5322,0.015078004
1035.6038,0.015787592
1033.6752,0.015936708
1031.7467,0.016060708
1029.8182,0.016206821
1027.8896,0.0162977
1025.9612,0.016191345
1024.0327,0.016747074
1022.10425,0.017199153
1020.1757,0.01760267
1018.2472,0.018229898
1016.3187,0.018247278
1014.3902,0.01803799
1012.4617,0.017702468
1010.5332,0.01787565
1008.60474,0.018219808
1006.6762,0.017634965
1004.7477,0.01666502
1002.8192,0.015981017
1000.89075,0.015813226
998.9622,0.015847623
997.0337,0.01595551
995.1052,0.016146053
993.17676,0.01623193
991.2482,0.015831197
989.3197,0.015325377
987.39124,0.015053854
985.46277,0.015239198
983.53424,0.014543559
981.6057,0.014306219
979.67725,0.014157011
977.7488,0.0131645985
975.82025,0.01172018
973.8917,0.010915904
971.96326,0.009954321
970.0347,0.008493322
968.1062,0.0069091064
966.17773,0.0070221354
964.24927,0.006165133
962.32074,0.0049351524
960.3922,0.0031114714
958.46375,0.002077462
956.5353,0.0020149755
954.60675,0.001046473
952.6782,-0.0007500037
950.74976,-0.0026202714
948.8213,-0.0038241115
946.89276,-0.0028678372
944.96423,-0.0030810144
943.03577,-0.0026437864
941.1073,-0.0014308862
939.1788,-0.00026313707
937.25024,-0.00022293486
935.3218,0.00052648754
933.3933,-7.702981e-05
931.4648,0.00091430155
929.53625,0.0027102218
927.6078,0.003845514
925.6793,0.005599849
923.7508,0.006867094
921.82227,0.007626367
919.8938,0.010332903
917.9653,0.013570467
916.03674,0.015474026
914.1083,0.016595544
912.1798,0.016679067
910.2513,0.017715272
908.32275,0.017813578
906.3943,0.018529795
904.4658,0.020859387
902.5373,0.024465365
900.60876,0.0279661
898.6803,0.026479017
896.75183,0.0256921
894.8233,0.024256388
892.8948,0.026125511
890.9663,0.029166631
889.03784,0.027837383
887.1093,0.024935767
885.1808,0.028304627
883.2523,0.029105473
881.3238,0.026587358
879.3953,0.023632016
877.4668,0.02342316
875.5383,0.024560863
873.6098,0.024719654
871.68134,0.027271772
869.7528,0.028632978
867.82434,0.028513016
865.8958,0.030871702
863.96735,0.03453419
862.0388,0.0283829
860.11035,0.02142297
858.1818,0.019946046
856.2533,0.026333489
854.3248,0.027641997
852.39636,0.025543673
850.46783,0.031165937
848.5393,0.032592744
846.61084,0.033714578
844.6824,0.041702393
842.75385,0.041907497
840.8253,0.025190435
838.89685,0.017213149
836.9684,0.028555796
835.03986,0.039713427
833.1113,0.040804397
831.18286,0.033199955
829.25433,0.024848992
827.32587,0.025265513
825.39734,0.03965857
823.4689,0.054325875
821.54034,0.05476783
819.6119,0.04585315
817.68335,0.033137582
815.7549,0.02818168
813.82635,0.026953403
811.8979,0.037002705
809.96936,0.047304805
808.0409,0.045241937
806.11237,0.034707326
804.18384,0.018533427
802.2554,0.00836856
800.3269,0.019637957
798.3984,0.023696396
796.46985,0.02326771
794.5414,0.028440276
792.6129,0.026307331
790.6844,0.020247826
788.75586,0.024670586
786.8274,0.038249645
784.89886,0.033191584
782.9704,0.015554551
781.0419,0.021053623
779.1134,0.017654775
777.1849,0.01751752
775.2564,0.037307154
773.3279,0.05529008
771.3994,0.051785346
769.4709,0.047239635
767.5424,0.040291633
765.6139,0.027854694
763.6854,0.023344379
761.7569,0.026862312
759.8284,0.03407758
757.8999,0.036831282
755.97144,0.0350768
754.0429,0.027836712
752.1144,0.02226227
750.1859,0.03042422
748.25745,0.035553377
746.3289,0.04223998
744.4004,0.043060414
742.4719,0.04050782
740.5434,0.034346167
738.6149,0.030804044
736.6864,0.03446284
734.75793,0.033034068
732.8294,0.024346303
730.90094,0.023437288
728.9724,0.03712067
727.04395,0.039955694
725.1154,0.02670471
723.18695,0.01891112
721.2584,0.011751192
719.32996,0.019006789
717.4014,0.03553119
715.47296,0.03999635
713.54443,0.027826821
711.61597,0.019387633
709.68744,0.01562276
707.759,0.016405905
705.83044,0.019478451
703.902,0.022795234
701.97345,0.02433628
700.0449,0.023202658
698.11646,0.016924046
696.188,0.023692792
694.25946,0.03575912
692.33093,0.034822375
690.40247,0.013718482
688.47394,0.011521123
686.5455,0.025595298
684.61694,0.025852464
682.6885,0.02688963
680.75995,0.035968274
678.8315,0.0418717
676.90295,0.035893913
674.9745,0.022263665
673.04596,0.025250131
671.1175,0.024994971
669.18896,0.025575792
667.2605,0.033392098
665.332,0.03642212
663.4035,0.026067488
661.475,0.016709058
659.5465,0.009602287
657.618,0.017159993
655.6895,0.031103998
653.761,0.04097732
651.8325,0.034163997
649.904,0.023256734
